{"marketing_wallet_balance_usd":0.0396624868865171,"marketing_wallet_balance_bnb":0.000041731451237684,"marketing_wallet_withdrawals_bnb":3.4343800000000004,"marketing_wallet_withdrawals_usd":3264.110105768665,"nft_wallet_balance_usd":0,"nft_wallet_balance_bnb":0,"bnb_price":950.421941010798,"balance_usd":3264.1497682555514}